ALABAMA,AL,Montgomery,Birmingham,"4,708,708","52,423",CST (UTC-6),EST (UTC-5),YES
ALASKA,AK,Juneau,Anchorage,"698,473","656,425",AKST (UTC-09) ,HST (UTC-10) ,YES
ARIZONA,AZ,Phoenix,Phoenix,"6,595,778","114,006",MT (UTC-07),,NO
ARKANSAS,AR,Little Rock,Little Rock,"2,889,450","53,182",CST (UTC-6),,YES
CALIFORNIA,CA,Sacramento,Los Angeles,"36,961,664","163,707",PT (UTC-8),,YES
COLORADO,CO,Denver,Denver,"5,024,748","104,100",MT (UTC-07),,YES
CONNECTICUT,CT,Hartford,Bridgeport,"3,518,288","5,544",EST (UTC-5),,YES
DELAWARE,DE,Dover,Wilmington,"885,122","1,954",EST (UTC-5),,YES
FLORIDA,FL,Tallahassee,Jacksonville,"18,537,969","65,758",EST (UTC-5),CST (UTC-6),YES
